,City,Country,Date_Checked,Latitude,Longitude,Temp(K),MaxTemp(K),Humidity(%),Cloudiness(%),Wind_Speed(meter/sec),Temp(F),MaxTemp(F),Wind_Speed(mph)
1,Nome,US,1553631629.0,30.04,-94.42,296.96,298.71,40.0,1.0,4.26,75,78,10
2,Ust-Maya,RU,1553631772.0,60.42,134.54,257.338,257.338,79.0,48.0,2.01,4,4,4
3,Jamestown,AU,1553631731.0,-33.21,138.6,279.188,279.188,80.0,0.0,2.46,43,43,6
4,Georgetown,GY,1553626800.0,6.8,-58.16,303.15,303.15,58.0,75.0,5.1,86,86,11
5,Severo-Kurilsk,RU,1553631747.0,50.68,156.12,270.338,270.338,100.0,36.0,3.81,27,27,9
6,New Norfolk,AU,1553631475.0,-42.78,147.06,279.02,282.15,70.0,0.0,3.1,43,48,7
7,Vaini,IN,1553631738.0,15.34,74.49,294.588,294.588,93.0,20.0,0.76,71,71,2
8,Hithadhoo,MV,1553631743.0,-0.6,73.08,301.888,301.888,100.0,80.0,2.06,84,84,5
9,Necochea,AR,1553631107.0,-38.55,-58.74,290.93,290.93,56.0,0.0,2.68,64,64,6
10,Bara,NG,1553631772.0,10.41,10.6,299.888,299.888,24.0,0.0,4.21,80,80,9
11,Bambous Virieux,MU,1553631546.0,-20.34,57.76,298.97,300.15,83.0,40.0,0.5,78,81,1
12,Ponta Delgada,PT,1553631534.0,37.73,-25.67,286.46,287.15,76.0,20.0,4.1,56,57,9
13,Tiksi,RU,1553631649.0,71.64,128.87,244.088,244.088,29.0,0.0,1.26,-20,-20,3
14,Katsuura,JP,1553630674.0,33.93,134.5,280.63,282.15,61.0,20.0,1.5,45,48,3
15,Panama City,US,1553631609.0,30.16,-85.65,294.32,295.93,53.0,20.0,6.7,70,73,15
16,Carnarvon,ZA,1553631754.0,-30.97,22.13,288.588,288.588,35.0,88.0,4.31,60,60,10
17,Hermanus,ZA,1553631334.0,-34.42,19.24,292.71,293.71,78.0,80.0,6.26,67,69,14
18,Dunedin,NZ,1553631442.0,-45.87,170.5,287.04,287.04,96.0,0.0,4.76,57,57,11
19,Punta Arenas,CL,1553626800.0,-53.16,-70.91,285.15,285.15,71.0,75.0,7.7,54,54,17
21,Rikitea,PF,1553631735.0,-23.12,-134.97,300.088,300.088,97.0,12.0,6.01,80,80,13
22,Neuquen,AR,1553626800.0,-38.95,-68.06,296.15,296.15,19.0,0.0,5.1,73,73,11
23,Vagur,FO,1553631773.0,61.47,-6.81,281.088,281.088,94.0,88.0,5.46,46,46,12
24,Tuktoyaktuk,CA,1553628600.0,69.44,-133.03,265.15,265.15,92.0,90.0,1.0,18,18,2
25,Luderitz,NA,1553631740.0,-26.65,15.16,289.238,289.238,86.0,0.0,4.26,61,61,10
26,Empangeni,ZA,1553631774.0,-28.75,31.9,293.438,293.438,90.0,92.0,2.56,69,69,6
27,Hobart,AU,1553631555.0,-42.88,147.33,279.28,282.15,70.0,0.0,3.1,43,48,7
28,Ushuaia,AR,1553626800.0,-54.81,-68.31,285.15,285.15,66.0,75.0,3.6,54,54,8
29,Vao,EE,1553631774.0,59.1,26.19,270.238,270.238,75.0,0.0,4.31,27,27,10
30,Aksu,KZ,1553628600.0,52.04,76.93,275.15,275.15,74.0,0.0,6.0,36,36,13
31,Abha,SA,1553630400.0,18.22,42.5,289.19,290.15,72.0,0.0,3.6,61,63,8
32,Burns Lake,CA,1553631774.0,54.23,-125.76,279.238,279.238,54.0,48.0,1.31,43,43,3
33,Port Shepstone,ZA,1553631774.0,-30.74,30.45,293.238,293.238,100.0,88.0,2.31,68,68,5
35,Mataura,NZ,1553631605.0,-46.19,168.86,285.37,285.37,91.0,44.0,5.36,54,54,12
36,Narsaq,GL,1553629800.0,60.91,-46.05,268.15,268.15,45.0,75.0,4.1,23,23,9
37,Havelock,US,1553631505.0,34.88,-76.9,286.61,288.15,35.0,1.0,9.3,56,59,21
39,Airai,TL,1553631732.0,-8.93,125.41,293.738,293.738,91.0,76.0,0.76,69,69,2
40,Alice Springs,AU,1553628600.0,-23.7,133.88,287.15,287.15,58.0,0.0,1.5,57,57,3
41,Kapaa,US,1553631501.0,22.08,-159.32,294.54,297.15,88.0,90.0,1.5,71,75,3
42,Khatanga,RU,1553631655.0,71.98,102.47,269.288,269.288,92.0,88.0,4.71,25,25,11
43,Port Elizabeth,US,1553631703.0,39.31,-74.98,281.47,283.71,18.0,1.0,6.2,47,51,14
44,Sao Filipe,CV,1553631775.0,14.9,-24.5,294.488,294.488,97.0,0.0,5.01,70,70,11
45,Bluff,AU,1553631738.0,-23.58,149.07,297.588,297.588,78.0,80.0,3.36,76,76,8
46,Gallup,US,1553629980.0,35.53,-108.74,293.75,294.15,14.0,1.0,7.2,69,70,16
48,Angoche,MZ,1553631776.0,-16.23,39.91,300.088,300.088,100.0,8.0,5.56,80,80,12
49,Tasiilaq,GL,1553629800.0,65.61,-37.64,270.15,270.15,53.0,40.0,6.2,27,27,14
50,Albany,US,1553631517.0,42.65,-73.75,277.77,280.15,17.0,1.0,7.2,40,45,16
51,Deputatskiy,RU,1553631776.0,69.3,139.9,244.138,244.138,27.0,20.0,1.36,-20,-20,3
52,Uong Bi,VN,1553628600.0,21.03,106.78,294.15,294.15,100.0,75.0,1.5,70,70,3
53,Lebu,ET,1553630400.0,8.96,38.73,293.15,293.15,45.0,20.0,3.1,68,68,7
54,Chuy,UY,1553631732.0,-33.69,-53.46,291.838,291.838,91.0,88.0,7.26,66,66,16
55,Itau de Minas,BR,1553631776.0,-20.74,-46.75,298.938,298.938,67.0,0.0,1.66,78,78,4
56,San Juan,PR,1553631507.0,18.47,-66.12,302.12,303.71,48.0,40.0,4.1,84,87,9
57,Saint-Philippe,CA,1553631608.0,45.36,-73.48,272.32,273.71,42.0,1.0,3.6,31,33,8
58,Ruteng,ID,1553631778.0,-8.61,120.46,295.688,295.688,96.0,76.0,1.36,73,73,3
59,San Quintin,PH,1553631750.0,17.54,120.52,289.088,289.088,75.0,0.0,1.21,61,61,3
60,Melfi,IT,1553626500.0,41.0,15.66,275.15,275.15,96.0,90.0,5.1,36,36,11
61,Alihe,CN,1553631779.0,50.57,123.73,256.238,256.238,56.0,0.0,1.96,2,2,4
62,Avarua,CK,1553630400.0,-21.21,-159.78,302.15,302.15,83.0,0.0,2.6,84,84,6
63,Port Lincoln,AU,1553631779.0,-34.72,135.86,285.388,285.388,100.0,0.0,1.76,54,54,4
65,Nortelandia,BR,1553631779.0,-14.45,-56.8,300.188,300.188,91.0,8.0,1.76,81,81,4
66,Benguela,AO,1553631780.0,-12.58,13.4,299.838,299.838,100.0,68.0,2.86,80,80,6
68,Husavik,CA,1553631629.0,50.56,-96.99,275.7,276.48,85.0,0.0,5.36,37,38,12
69,Kavieng,PG,1553631780.0,-2.57,150.8,301.638,301.638,100.0,0.0,3.46,83,83,8
70,Upernavik,GL,1553631757.0,72.79,-56.15,258.788,258.788,100.0,32.0,2.21,6,6,5
71,Sishui,CN,1553631780.0,35.66,117.27,284.088,284.088,68.0,64.0,3.56,52,52,8
72,Alta Floresta,BR,1553630400.0,-9.87,-56.08,305.15,305.15,62.0,40.0,2.1,90,90,5
73,Tura,IN,1553631597.0,25.52,90.21,290.438,290.438,94.0,0.0,0.96,63,63,2
74,Pangnirtung,CA,1553629560.0,66.15,-65.72,259.15,259.15,71.0,20.0,1.5,7,7,3
75,Chamba,IN,1553631781.0,32.56,76.12,278.138,278.138,58.0,0.0,0.96,41,41,2
76,Xining,CN,1553631781.0,36.62,101.77,266.038,266.038,72.0,36.0,0.26,19,19,1
77,Taungdwingyi,MM,1553631781.0,20.0,95.55,292.588,292.588,80.0,0.0,1.11,67,67,2
78,Srednekolymsk,RU,1553631781.0,67.46,153.71,257.138,257.138,63.0,80.0,5.26,3,3,12
79,East London,ZA,1553631715.0,-33.02,27.91,293.588,293.588,100.0,92.0,1.51,69,69,3
80,Hilo,US,1553631693.0,19.71,-155.08,295.86,297.59,73.0,90.0,3.1,73,76,7
81,Dikson,RU,1553631751.0,73.51,80.55,271.238,271.238,93.0,88.0,11.41,29,29,26
82,Busselton,AU,1553631619.0,-33.64,115.35,286.74,287.04,45.0,0.0,6.56,56,57,15
83,Yellowknife,CA,1553631611.0,62.45,-114.38,271.3,271.48,68.0,75.0,6.7,29,29,15
84,Minas,UY,1553626800.0,-34.38,-55.24,293.15,293.15,56.0,75.0,7.7,68,68,17
85,Cape Town,ZA,1553631491.0,-33.93,18.42,292.96,293.71,64.0,0.0,2.6,68,69,6
86,Atuona,PF,1553631628.0,-9.8,-139.03,300.938,300.938,100.0,44.0,5.86,82,82,13
87,Jasper,US,1553631648.0,33.83,-87.28,289.41,292.15,34.0,0.0,3.66,61,66,8
88,Mocuba,MZ,1553631782.0,-16.84,36.99,295.638,295.638,80.0,0.0,1.31,72,72,3
89,Okha,RU,1553631782.0,53.59,142.95,262.638,262.638,76.0,56.0,5.06,13,13,11
90,Kintampo,GH,1553631782.0,8.05,-1.73,301.638,301.638,59.0,8.0,3.01,83,83,7
91,Palembang,ID,1553631782.0,-2.99,104.76,296.388,296.388,96.0,88.0,2.11,74,74,5
92,Constitucion,MX,1553631616.0,23.99,-104.67,298.44,298.71,14.0,40.0,3.1,78,78,7
93,Eureka,US,1553631519.0,40.8,-124.16,287.23,289.26,66.0,1.0,3.1,57,61,7
94,Mount Gambier,AU,1553626800.0,-37.83,140.78,283.15,283.15,100.0,90.0,2.1,50,50,5
95,Thompson,CA,1553626800.0,55.74,-97.86,277.15,277.15,55.0,75.0,5.7,39,39,13
96,Arraial do Cabo,BR,1553630400.0,-22.97,-42.02,301.15,301.15,61.0,20.0,6.2,82,82,14
97,Inhambane,MZ,1553631783.0,-23.87,35.38,299.488,299.488,86.0,92.0,8.21,79,79,18
98,Neiafu,TO,1553626800.0,-18.65,-173.98,298.15,298.15,88.0,75.0,1.0,77,77,2
99,Barrow,AR,1553631635.0,-38.31,-60.23,290.438,290.438,59.0,0.0,2.76,63,63,6
100,Vila Velha,BR,1553631490.0,-3.71,-38.6,299.72,300.37,78.0,40.0,1.5,80,81,3
101,Abeche,TD,1553631784.0,13.83,20.83,296.738,296.738,51.0,0.0,1.36,74,74,3
102,Ventspils,LV,1553629800.0,57.39,21.56,275.15,275.15,80.0,0.0,3.1,36,36,7
103,Luoyang,CN,1553631784.0,34.66,112.42,282.988,282.988,65.0,76.0,1.16,50,50,3
104,Sur,OM,1553631784.0,22.57,59.53,297.488,297.488,83.0,0.0,4.31,76,76,10
107,Krasnoshchekovo,RU,1553631784.0,51.67,82.73,263.588,263.588,63.0,0.0,1.21,15,15,3
109,Kyabe,TD,1553631785.0,9.45,18.94,304.088,304.088,39.0,64.0,2.96,88,88,7
110,Kathu,ZA,1553631321.0,-27.7,23.05,295.37,295.37,37.0,0.0,2.31,72,72,5
111,Emba,CY,1553631329.0,34.81,32.42,284.12,286.15,76.0,20.0,4.1,52,55,9
112,Faanui,PF,1553631651.0,-16.48,-151.75,301.738,301.738,100.0,32.0,3.61,83,83,8
113,Altoona,US,1553631432.0,40.52,-78.39,280.5,282.04,28.0,1.0,2.6,45,48,6
114,Nikolskoye,RU,1553631635.0,59.7,30.79,271.39,272.15,86.0,75.0,5.0,29,30,11
115,Bulawayo,ZW,1553631785.0,-20.16,28.59,295.838,295.838,62.0,0.0,6.41,73,73,14
116,Nikolsk,RU,1553631786.0,59.53,45.45,272.738,272.738,90.0,92.0,2.36,31,31,5
117,Belyy Yar,RU,1553628600.0,53.6,91.39,265.15,265.15,92.0,0.0,1.0,18,18,2
118,Haines Junction,CA,1553631693.0,60.75,-137.51,275.938,275.938,55.0,20.0,1.41,37,37,3
119,Kudahuvadhoo,MV,1553631654.0,2.67,72.89,302.738,302.738,98.0,20.0,4.91,85,85,11
120,Praya,ID,1553626800.0,-8.71,116.27,297.15,297.15,100.0,75.0,1.5,75,75,3
122,Sisimiut,GL,1553631786.0,66.94,-53.67,262.238,262.238,87.0,56.0,0.81,12,12,2
123,Moose Factory,CA,1553626800.0,51.26,-80.61,273.15,273.15,75.0,75.0,7.7,32,32,17
124,Port Alfred,ZA,1553631584.0,-33.59,26.89,292.438,292.438,87.0,56.0,3.26,67,67,7
125,Yerkoy,TR,1553631649.0,39.64,34.47,270.138,270.138,67.0,8.0,1.16,27,27,3
126,Mogadishu,SO,1553631641.0,2.04,45.34,301.738,301.738,96.0,0.0,7.36,83,83,16
127,Yerbogachen,RU,1553631706.0,61.28,108.01,265.238,265.238,84.0,76.0,1.96,18,18,4
128,Mayo,CA,1553626800.0,63.59,-135.9,275.15,275.15,69.0,20.0,1.5,36,36,3
129,Castro,CL,1553626800.0,-42.48,-73.76,294.15,294.15,46.0,0.0,3.6,70,70,8
130,Port Blair,IN,1553631787.0,11.67,92.75,300.088,300.088,100.0,80.0,2.71,80,80,6
131,Mount Isa,AU,1553629200.0,-20.73,139.49,296.15,296.15,100.0,90.0,4.1,73,73,9
133,LaBelle,US,1553631539.0,26.76,-81.44,300.72,302.15,42.0,1.0,4.1,82,84,9
134,Plettenberg Bay,ZA,1553631788.0,-34.05,23.37,291.338,291.338,96.0,48.0,7.46,65,65,17
135,Chokurdakh,RU,1553631731.0,70.62,147.9,250.738,250.738,64.0,44.0,5.76,-8,-8,13
136,Burhaniye,TR,1553631729.0,39.51,26.98,286.39,287.59,50.0,0.0,5.1,56,58,11
137,Coquimbo,CL,1553626800.0,-29.95,-71.34,288.15,288.15,82.0,90.0,4.6,59,59,10
138,Ancud,CL,1553626800.0,-41.87,-73.83,294.15,294.15,46.0,0.0,3.6,70,70,8
139,Saint-Augustin,FR,1553631669.0,44.83,-0.61,284.71,285.15,40.0,0.0,4.6,53,54,10
140,Caravelas,BR,1553631750.0,-17.73,-39.27,301.138,301.138,100.0,0.0,4.41,82,82,10
141,Esperance,TT,1553631387.0,10.24,-61.45,303.02,304.15,55.0,40.0,6.7,86,88,15
142,Ngunguru,NZ,1553630885.0,-35.62,174.5,289.26,289.26,95.0,80.0,7.96,61,61,18
144,Puerto Ayora,EC,1553631309.0,-0.74,-90.35,301.45,302.15,74.0,40.0,4.1,83,84,9
145,Qaanaaq,GL,1553631684.0,77.48,-69.36,248.938,248.938,72.0,0.0,4.36,-12,-12,10
146,Eslamshahr,IR,1553630400.0,35.55,51.23,280.15,281.15,93.0,0.0,7.2,45,46,16
147,Butaritari,KI,1553631739.0,3.07,172.79,301.688,301.688,100.0,48.0,7.26,83,83,16
148,Salalah,OM,1553629800.0,17.01,54.1,299.15,299.15,78.0,75.0,2.1,79,79,5
149,Bredasdorp,ZA,1553631320.0,-34.53,20.04,291.35,291.48,68.0,76.0,4.6,65,65,10
150,Russell,AR,1553630400.0,-33.01,-68.8,291.15,291.15,59.0,40.0,4.6,64,64,10
151,Sao Joao da Barra,BR,1553630400.0,-21.64,-41.05,301.15,301.15,65.0,0.0,5.1,82,82,11
152,Santa Maria,BR,1553626800.0,-29.69,-53.81,297.15,297.15,47.0,20.0,3.6,75,75,8
153,Tutoia,BR,1553630400.0,-2.76,-42.27,303.15,303.15,62.0,20.0,4.1,86,86,9
154,Shangzhi,CN,1553631791.0,45.21,127.96,264.288,264.288,61.0,32.0,1.21,16,16,3
155,Sitka,US,1553631372.0,37.17,-99.65,290.93,290.93,54.0,0.0,5.36,64,64,12
156,Luorong,CN,1553631791.0,24.41,109.6,291.938,291.938,96.0,100.0,1.76,66,66,4
157,Fortuna,ES,1553631507.0,38.18,-1.13,285.89,288.15,62.0,0.0,7.7,55,59,17
158,Ponta do Sol,BR,1553631733.0,-20.63,-46.0,299.588,299.588,57.0,76.0,1.36,80,80,3
159,Guaymitas,HN,1553630400.0,15.5,-87.71,304.11,305.15,49.0,40.0,8.2,88,90,18
160,Comodoro Rivadavia,AR,1553630400.0,-45.87,-67.48,293.15,293.15,56.0,0.0,4.6,68,68,10
161,Mehamn,NO,1553629800.0,71.03,27.85,270.15,270.15,79.0,75.0,5.7,27,27,13
162,Sinnamary,GF,1553631792.0,5.38,-52.96,300.338,300.338,91.0,88.0,4.81,81,81,11
164,Yurino,RU,1553628600.0,56.29,46.29,273.15,273.15,97.0,75.0,3.0,32,32,7
165,Ketchikan,US,1553630160.0,55.34,-131.65,282.14,283.15,66.0,1.0,9.3,48,50,21
166,Pevek,RU,1553631792.0,69.7,170.27,264.138,264.138,65.0,56.0,2.21,16,16,5
167,Kauhajoki,FI,1553631670.0,62.43,22.18,268.29,269.26,85.0,0.0,1.0,23,25,2
169,Ribeira Grande,PT,1553630400.0,38.52,-28.7,289.15,289.15,82.0,20.0,2.6,61,61,6
170,Torbay,CA,1553631765.0,47.66,-52.73,270.41,270.93,58.0,90.0,3.6,27,28,8
171,Zyryanskoye,RU,1553631793.0,56.83,86.62,261.988,261.988,62.0,0.0,2.31,12,12,5
172,Alyangula,AU,1553626800.0,-13.85,136.42,298.15,298.15,100.0,88.0,1.5,77,77,3
173,Cap Malheureux,MU,1553631546.0,-19.98,57.61,299.14,300.15,83.0,40.0,0.5,79,81,1
174,Trelew,AR,1553631793.0,-43.25,-65.31,295.538,295.538,36.0,0.0,5.56,72,72,12
175,Mar del Plata,AR,1553631743.0,-46.43,-67.52,295.738,295.738,40.0,0.0,2.81,73,73,6
176,Sawakin,SD,1553630400.0,19.1,37.33,297.15,297.15,57.0,0.0,3.1,75,75,7
178,Egvekinot,RU,1553631792.0,66.32,-179.17,270.138,270.138,85.0,68.0,7.46,27,27,17
179,Beyneu,KZ,1553631794.0,45.32,55.19,276.238,276.238,68.0,68.0,3.41,38,38,8
180,Parabel,RU,1553631794.0,58.71,81.5,269.488,269.488,84.0,0.0,3.91,25,25,9
181,Yamoussoukro,CI,1553626800.0,6.81,-5.27,305.15,305.15,52.0,40.0,3.1,90,90,7
182,Bien Hoa,VN,1553628600.0,10.95,106.82,301.15,301.15,61.0,20.0,3.1,82,82,7
183,Rio Grande,BR,1553630400.0,-32.03,-52.1,294.15,294.15,77.0,75.0,4.6,70,70,10
184,Kaitangata,NZ,1553631795.0,-46.28,169.85,287.688,287.688,77.0,92.0,7.81,58,58,17
185,Roald,NO,1553631604.0,62.58,6.12,276.86,280.15,87.0,75.0,6.7,39,45,15
186,Rawson,AR,1553631795.0,-43.3,-65.11,295.538,295.538,36.0,0.0,5.56,72,72,12
187,La Palma,CO,1553631796.0,5.36,-74.39,296.938,296.938,87.0,32.0,0.96,75,75,2
188,Masuguru,MZ,1553631796.0,-11.38,38.46,298.588,298.588,89.0,68.0,1.21,78,78,3
189,Provideniya,RU,1553631732.0,64.42,-173.23,273.088,273.088,96.0,88.0,13.41,32,32,30
190,Clyde River,CA,1553630400.0,70.47,-68.59,255.15,255.15,64.0,20.0,3.1,0,0,7
191,Gorontalo,ID,1553631636.0,0.54,123.06,296.088,296.088,97.0,56.0,0.86,73,73,2
193,Sault Sainte Marie,CA,1553630400.0,46.49,-84.36,277.48,278.15,30.0,1.0,2.91,40,41,7
194,Chauk,MM,1553631796.0,20.89,94.82,296.088,296.088,64.0,0.0,3.76,73,73,8
195,Constantine,DZ,1553628600.0,36.36,6.61,281.15,281.15,81.0,75.0,4.1,46,46,9
196,Charsadda,PK,1553631797.0,34.14,71.73,283.938,283.938,64.0,8.0,1.11,51,51,2
197,Vanimo,PG,1553631769.0,-2.67,141.3,300.338,300.338,100.0,76.0,4.56,81,81,10
198,Auki,NG,1553631797.0,12.18,6.51,297.638,297.638,25.0,24.0,3.41,76,76,8
199,Villablino,ES,1553631774.0,42.94,-6.32,280.67,283.15,14.0,0.0,4.1,46,50,9
200,Sao Gabriel da Cachoeira,BR,1553630400.0,-0.13,-67.09,307.15,307.15,56.0,20.0,3.1,93,93,7
202,San Patricio,PY,1553631649.0,-26.98,-56.83,295.738,295.738,51.0,80.0,2.71,73,73,6
204,Vizinga,RU,1553631798.0,61.08,50.08,270.538,270.538,88.0,92.0,1.86,27,27,4
205,Halifax,CA,1553631667.0,44.65,-63.58,275.32,276.48,25.0,20.0,6.7,36,38,15
206,Puerto Baquerizo Moreno,EC,1553630400.0,-0.9,-89.6,301.15,301.15,83.0,75.0,3.1,82,82,7
207,Broome,GB,1553631627.0,52.47,1.45,281.76,283.15,66.0,40.0,0.5,47,50,1
208,Cruz Alta,AR,1553631720.0,-33.01,-61.81,295.93,295.93,35.0,0.0,2.68,73,73,6
209,Port Macquarie,AU,1553631605.0,-31.43,152.91,292.71,294.26,77.0,90.0,2.6,67,70,6
210,Cap-aux-Meules,CA,1553626800.0,47.38,-61.86,268.15,268.15,53.0,40.0,7.7,23,23,17
211,Norman Wells,CA,1553626800.0,65.28,-126.83,275.15,275.15,74.0,20.0,4.6,36,36,10
212,Razole,IN,1553631799.0,16.48,81.84,301.138,301.138,100.0,0.0,4.31,82,82,10
214,Saskylakh,RU,1553631799.0,71.97,114.09,261.738,261.738,69.0,76.0,1.76,11,11,4
215,Vangaindrano,MG,1553631799.0,-23.35,47.6,295.188,295.188,96.0,80.0,1.86,72,72,4
216,Leh,IN,1553631799.0,34.16,77.58,251.938,251.938,77.0,48.0,0.76,-6,-6,2
217,Sechura,PE,1553631799.0,-5.56,-80.82,299.438,299.438,64.0,0.0,4.86,79,79,11
220,Linxia,CN,1553631800.0,35.6,103.21,269.738,269.738,83.0,76.0,1.41,26,26,3
221,Tanout,NE,1553631800.0,14.97,8.88,299.988,299.988,16.0,0.0,5.36,80,80,12
222,Saint George,GR,1553629800.0,39.45,22.34,284.62,285.15,87.0,75.0,1.21,53,54,3
224,Bose,IT,1553631786.0,45.46,8.01,282.2,284.15,23.0,0.0,1.5,48,52,3
225,Kruisfontein,ZA,1553631754.0,-34.0,24.73,287.988,287.988,86.0,36.0,2.96,59,59,7
226,Bezhanitsy,RU,1553631800.0,56.97,29.88,269.938,269.938,69.0,36.0,5.11,26,26,11
227,Makakilo City,US,1553631736.0,21.35,-158.09,297.38,299.15,61.0,75.0,3.1,76,79,7
228,Boa Vista,BR,1553630400.0,2.82,-60.67,308.15,308.15,34.0,40.0,3.1,95,95,7
230,Nemuro,JP,1553631803.0,43.32,145.57,273.538,273.538,97.0,0.0,10.46,33,33,23
231,Birao,CF,1553631803.0,10.3,22.78,298.488,298.488,64.0,12.0,1.96,78,78,4
232,Kloulklubed,PW,1553626200.0,7.04,134.26,298.15,298.15,88.0,90.0,3.6,77,77,8
233,Mabaruma,GY,1553631804.0,8.2,-59.78,302.588,302.588,59.0,0.0,4.61,85,85,10
234,Muros,ES,1553631789.0,42.77,-9.06,287.02,292.15,57.0,0.0,2.6,57,66,6
235,Villa Carlos Paz,AR,1553630429.0,-31.42,-64.5,290.96,291.48,67.0,75.0,1.0,64,65,2
236,La Ronge,CA,1553626800.0,55.1,-105.3,276.15,276.15,74.0,90.0,2.6,37,37,6
237,Dunhua,CN,1553631804.0,43.37,128.23,268.388,268.388,70.0,80.0,1.21,23,23,3
238,Margate,AU,1553631475.0,-43.03,147.26,279.03,282.15,70.0,0.0,3.1,43,48,7
239,Fort-Shevchenko,KZ,1553631805.0,44.51,50.26,278.238,278.238,94.0,36.0,5.36,41,41,12
240,Puerto Narino,CO,1553630400.0,-3.77,-70.38,299.15,299.15,100.0,75.0,2.1,79,79,5
241,Indiana,US,1553631657.0,40.62,-79.15,280.35,282.04,22.0,1.0,3.1,45,48,7
242,Kieta,PG,1553631805.0,-6.22,155.63,299.538,299.538,100.0,76.0,2.06,79,79,5
243,Kandrian,PG,1553631805.0,-6.21,149.55,298.438,298.438,95.0,32.0,1.86,78,78,4
244,Lumeje,AO,1553631805.0,-11.56,20.78,292.538,292.538,93.0,32.0,1.06,67,67,2
245,Sorland,NO,1553629800.0,67.67,12.69,273.36,274.15,92.0,90.0,6.2,32,34,14
246,Victoria,BN,1553628600.0,5.28,115.24,298.65,299.15,94.0,75.0,1.0,78,79,2
247,Ilulissat,GL,1553629800.0,69.22,-51.1,262.15,262.15,85.0,90.0,4.1,12,12,9
248,Kodiak,US,1553631722.0,39.95,-94.76,288.8,290.37,51.0,20.0,3.1,60,63,7
249,Skegness,GB,1553631735.0,53.14,0.34,281.57,283.15,65.0,75.0,4.6,47,50,10
250,Souillac,FR,1553631639.0,45.6,-0.6,282.68,284.26,38.0,0.0,2.6,49,52,6
251,Khao Yoi,TH,1553631806.0,13.24,99.82,295.538,295.538,94.0,12.0,1.16,72,72,3
252,Ornskoldsvik,SE,1553629800.0,63.29,18.72,270.79,272.15,79.0,0.0,0.5,28,30,1
253,Kerrville,US,1553631554.0,30.05,-99.14,297.49,299.82,36.0,1.0,2.1,76,80,5
254,Erzin,TR,1553629800.0,36.95,36.2,287.65,288.15,54.0,75.0,6.7,58,59,15
255,Ust-Ilimsk,RU,1553631807.0,57.96,102.73,266.088,266.088,79.0,88.0,2.06,19,19,5
256,Codrington,AU,1553631539.0,-28.95,153.24,293.68,295.15,88.0,90.0,0.5,69,72,1
257,Itoman,JP,1553630400.0,26.12,127.67,286.98,290.15,67.0,20.0,2.1,57,63,5
258,Luanda,AO,1553630400.0,-8.83,13.24,300.15,300.15,83.0,75.0,1.5,81,81,3
259,Irbeyskoye,RU,1553631807.0,55.64,95.45,261.088,261.088,65.0,8.0,1.26,10,10,3
260,Novikovo,UA,1553631807.0,45.05,34.56,278.538,278.538,89.0,24.0,0.76,42,42,2
262,Colares,PT,1553631742.0,38.8,-9.45,292.37,294.82,37.0,0.0,3.1,67,71,7
263,Kozienice,PL,1553631757.0,51.59,21.55,273.89,275.37,97.0,0.0,8.86,33,36,20
264,Laguna,MX,1553629200.0,27.52,-110.01,302.15,302.15,30.0,75.0,3.1,84,84,7
265,Rio Gallegos,AR,1553630400.0,-51.62,-69.22,291.15,291.15,27.0,75.0,3.6,64,64,8
267,Challans,FR,1553631726.0,46.85,-1.88,280.82,283.15,57.0,0.0,2.6,46,50,6
268,Bingol,TR,1553631808.0,38.88,40.49,274.488,274.488,90.0,64.0,1.06,34,34,2
269,Pinawa,CA,1553631809.0,50.15,-95.88,277.888,277.888,84.0,48.0,8.06,41,41,18
270,Bukama,CD,1553631809.0,-9.2,25.85,293.938,293.938,95.0,44.0,1.31,69,69,3
273,Barpeta,IN,1553628600.0,26.33,91.01,295.15,295.15,83.0,90.0,1.31,72,72,3
274,The Pas,CA,1553626800.0,53.82,-101.24,278.15,278.15,65.0,1.0,5.1,41,41,11
275,Manokwari,ID,1553631564.0,-0.87,134.08,300.338,300.338,100.0,64.0,4.21,81,81,9
276,Hovd,NO,1553631665.0,63.83,10.7,276.52,279.26,93.0,90.0,2.1,38,43,5
278,Bemidji,US,1553631527.0,47.48,-94.89,276.82,277.59,60.0,90.0,4.1,39,40,9
279,Guerrero Negro,MX,1553631810.0,27.97,-114.04,295.338,295.338,56.0,44.0,4.56,72,72,10
280,Kaura Namoda,NG,1553631810.0,12.59,6.58,298.338,298.338,24.0,8.0,3.61,77,77,8
281,San Rafael del Sur,NI,1553630400.0,11.85,-86.44,308.15,308.15,34.0,20.0,6.2,95,95,14
282,Nanning,CN,1553626800.0,22.83,108.3,290.15,290.15,100.0,90.0,2.11,63,63,5
283,Lavrentiya,RU,1553631732.0,65.58,-170.99,273.288,273.288,95.0,68.0,13.91,32,32,31
285,Saquarema,BR,1553630400.0,-22.93,-42.51,301.15,301.15,61.0,20.0,6.2,82,82,14
286,Hopkinsville,US,1553631745.0,36.87,-87.49,284.8,285.93,25.0,1.0,2.6,53,55,6
287,Akureyri,IS,1553630400.0,65.68,-18.09,277.15,277.15,38.0,20.0,8.7,39,39,19
288,Wainwright,CA,1553631811.0,52.84,-110.86,274.488,274.488,97.0,92.0,2.66,34,34,6
289,Piaseczno,PL,1553631800.0,52.07,21.03,273.89,275.37,71.0,0.0,5.1,33,36,11
290,Luziania,BR,1553630400.0,-16.25,-47.95,296.15,296.15,88.0,75.0,3.1,73,73,7
291,Masallatah,LY,1553631812.0,32.62,14.0,283.588,283.588,82.0,0.0,1.16,51,51,3
292,Teguise,ES,1553630400.0,29.06,-13.56,291.15,291.15,77.0,20.0,3.1,64,64,7
293,Antofagasta,CL,1553626800.0,-23.65,-70.4,294.15,294.15,60.0,0.0,6.7,70,70,15
294,Oktyabrskoye,RU,1553631627.0,56.73,85.44,269.79,271.48,63.0,0.0,1.0,26,29,2
295,North Myrtle Beach,US,1553631798.0,33.83,-78.68,287.76,289.82,58.0,20.0,4.6,58,62,10
296,Singaraja,ID,1553631813.0,-8.11,115.08,295.688,295.688,100.0,92.0,0.06,73,73,0
297,Rivera,UY,1553631813.0,-30.9,-55.54,292.688,292.688,73.0,12.0,4.46,67,67,10
298,Zelenchukskaya,RU,1553631813.0,43.85,41.59,265.888,265.888,77.0,0.0,1.21,19,19,3
299,Diu,IN,1553631813.0,20.71,70.98,295.488,295.488,34.0,0.0,2.61,72,72,6
300,Yumen,CN,1553631813.0,40.29,97.04,277.088,277.088,61.0,68.0,6.61,39,39,15
301,Payo,ID,1553631814.0,-3.75,103.64,295.938,295.938,96.0,76.0,2.06,73,73,5
302,Tabora,TZ,1553631814.0,-5.02,32.81,292.238,292.238,90.0,64.0,2.41,66,66,5
303,Bethel,US,1553630160.0,60.79,-161.76,275.32,276.15,86.0,1.0,6.7,36,37,15
304,Ballina,IE,1553631724.0,54.11,-9.15,281.73,282.59,70.0,75.0,3.1,47,49,7
305,Naze,NG,1553626800.0,5.43,7.07,297.15,297.15,94.0,75.0,2.1,75,75,5
306,Tessalit,ML,1553631814.0,20.2,1.01,301.938,301.938,21.0,92.0,3.21,84,84,7
307,Nurota,UZ,1553628600.0,40.56,65.69,287.15,287.15,93.0,90.0,2.1,57,57,5
308,Bluefield,US,1553631803.0,37.27,-81.22,282.39,287.04,31.0,1.0,3.1,49,57,7
309,Gympie,AU,1553631646.0,-26.2,152.66,295.94,297.04,94.0,92.0,0.45,73,75,1
310,Jalu,LY,1553631815.0,29.03,21.55,287.938,287.938,32.0,0.0,3.26,59,59,7
311,Sangar,RU,1553631815.0,63.92,127.47,249.488,249.488,69.0,0.0,0.66,-11,-11,1
312,Santa Cruz,US,1553631749.0,36.97,-122.03,290.51,293.71,67.0,90.0,1.41,63,69,3
315,Aranos,NA,1553631815.0,-24.14,19.11,298.438,298.438,26.0,88.0,1.41,78,78,3
317,Meadow Lake,CA,1553626800.0,54.13,-108.44,276.15,276.15,86.0,90.0,2.6,37,37,6
318,Touros,BR,1553630400.0,-5.2,-35.46,301.15,301.15,83.0,75.0,3.1,82,82,7
320,Nador,MA,1553630400.0,35.17,-2.93,288.13,289.15,67.0,88.0,8.2,59,61,18
321,Catuday,PH,1553631816.0,16.29,119.81,298.438,298.438,90.0,0.0,5.71,78,78,13
322,Sao Jose da Coroa Grande,BR,1553631816.0,-8.9,-35.15,300.238,300.238,88.0,76.0,3.61,81,81,8
324,Aleppo,SY,1553631816.0,36.2,37.17,281.738,281.738,75.0,0.0,3.36,47,47,8
325,Weligama,LK,1553631817.0,5.97,80.42,298.738,298.738,97.0,0.0,3.26,78,78,7
326,Iisaku,EE,1553631817.0,59.1,27.31,271.238,271.238,82.0,0.0,6.21,29,29,14
327,Beloye,RU,1553631652.0,45.05,39.65,279.03,279.82,75.0,0.0,2.0,43,44,4
328,Katangli,RU,1553631817.0,51.71,143.23,264.238,264.238,87.0,48.0,3.91,16,16,9
329,Mukhen,RU,1553631817.0,48.19,136.14,263.738,263.738,78.0,88.0,0.96,15,15,2
331,Bandarbeyla,SO,1553631734.0,9.49,50.81,299.938,299.938,100.0,92.0,2.16,80,80,5
332,Timizart,DZ,1553631321.0,36.8,4.25,286.48,286.48,82.0,76.0,0.89,56,56,2
333,Isla Mujeres,MX,1553629620.0,21.23,-86.73,302.15,302.15,54.0,40.0,4.6,84,84,10
334,Zabol,IR,1553630400.0,31.03,61.49,296.15,296.15,38.0,88.0,4.1,73,73,9
335,Pisco,PE,1553630400.0,-13.71,-76.2,295.15,295.15,30.0,0.0,7.7,72,72,17
336,Soller,DE,1553631813.0,50.73,6.56,280.25,282.59,70.0,20.0,2.1,45,49,5
337,Namibe,AO,1553631733.0,-15.19,12.15,298.088,298.088,100.0,44.0,2.56,77,77,6
338,Luganville,VU,1553631818.0,-15.51,167.18,300.138,300.138,100.0,80.0,6.36,81,81,14
339,Corum,TR,1553626200.0,38.8,29.89,282.15,282.15,42.0,75.0,3.6,48,48,8
340,Port-Gentil,GA,1553630400.0,-0.72,8.78,301.15,301.15,88.0,20.0,3.6,82,82,8
341,Pontianak,ID,1553631819.0,-0.02,109.34,298.588,298.588,98.0,76.0,1.96,78,78,4
342,Pacifica,US,1553631804.0,37.61,-122.49,289.45,291.48,67.0,1.0,2.6,61,65,6
343,Haverfordwest,GB,1553631603.0,51.8,-4.97,280.02,282.04,87.0,0.0,2.1,44,48,5
344,Orsha,BY,1553631819.0,54.51,30.43,268.138,268.138,79.0,24.0,1.31,23,23,3
345,Hrinova,SK,1553630400.0,48.58,19.53,279.15,279.15,48.0,0.0,6.2,43,43,14
346,Geraldton,CA,1553626800.0,49.72,-86.95,276.15,276.15,25.0,75.0,5.7,37,37,13
347,Wajima,JP,1553631820.0,37.4,136.9,276.638,276.638,93.0,0.0,3.06,38,38,7
348,Praia,BR,1553626800.0,-20.25,-43.81,301.44,302.15,45.0,40.0,2.66,83,84,6
349,Killybegs,IE,1553631724.0,54.63,-8.45,281.75,282.15,87.0,90.0,4.1,47,48,9
350,Camopi,GF,1553631820.0,3.17,-52.33,300.188,300.188,82.0,88.0,1.51,81,81,3
352,Sri Aman,MY,1553626800.0,1.24,111.46,297.15,297.15,94.0,0.0,1.5,75,75,3
353,Cockburn Town,TC,1553631766.0,21.46,-71.14,298.588,298.588,100.0,56.0,3.91,78,78,9
354,Coihaique,CL,1553630400.0,-45.58,-72.07,293.49,295.15,42.0,0.0,2.6,69,72,6
355,Maracaju,BR,1553631665.0,-21.61,-55.17,302.988,302.988,54.0,0.0,2.66,86,86,6
356,Marsaxlokk,MT,1553631612.0,35.84,14.54,286.28,287.04,81.0,0.0,1.0,56,57,2
357,Hirara,JP,1553631821.0,24.8,125.28,294.888,294.888,100.0,0.0,6.26,71,71,14
358,Dudinka,RU,1553631821.0,69.41,86.18,271.188,271.188,88.0,92.0,10.66,28,28,24
361,Knysna,ZA,1553626800.0,-34.04,23.05,289.15,289.15,77.0,48.0,5.7,61,61,13
362,Grindavik,IS,1553631282.0,63.84,-22.43,276.68,277.59,69.0,75.0,6.2,38,40,14
363,San Carlos de Bariloche,AR,1553630400.0,-41.13,-71.31,294.15,294.15,19.0,0.0,5.7,70,70,13
364,Steubenville,US,1553631820.0,40.37,-80.63,280.61,282.04,26.0,1.0,4.1,45,48,9
365,Methoni,GR,1553631630.0,36.82,21.7,286.5,287.59,81.0,20.0,2.1,56,58,5
366,Gazli,UZ,1553631822.0,40.13,63.45,287.488,287.488,95.0,92.0,2.96,58,58,7
367,Puerto Madryn,AR,1553631822.0,-42.77,-65.04,291.838,291.838,66.0,0.0,9.51,66,66,21
368,Hofn,IS,1553631698.0,64.25,-15.21,277.788,277.788,92.0,0.0,5.91,40,40,13
369,Moussoro,TD,1553631823.0,13.64,16.49,300.338,300.338,17.0,0.0,5.71,81,81,13
370,Cherskiy,RU,1553631823.0,68.75,161.3,260.438,260.438,75.0,80.0,6.61,9,9,15
371,Chenghai,CN,1553626800.0,23.46,116.77,291.15,291.15,93.0,75.0,2.0,64,64,4
372,Ayan,TR,1553631823.0,40.67,33.6,269.438,269.438,66.0,12.0,0.91,25,25,2
373,Gondanglegi,ID,1553631823.0,-7.75,112.01,294.738,294.738,93.0,12.0,1.16,71,71,3
374,Sukumo,JP,1553631823.0,32.94,132.72,280.638,280.638,78.0,0.0,1.11,45,45,2
375,Qasigiannguit,GL,1553629800.0,68.82,-51.19,262.15,262.15,85.0,90.0,4.1,12,12,9
376,Mariental,DE,1553631806.0,52.28,10.99,279.57,279.82,87.0,90.0,4.6,44,44,10
377,Panjakent,UZ,1553628600.0,39.5,67.61,288.15,288.15,67.0,75.0,2.1,59,59,5
378,Ariquemes,BR,1553631824.0,-9.91,-63.03,298.088,298.088,93.0,80.0,0.91,77,77,2
379,Krasnoturansk,RU,1553628600.0,54.32,91.57,265.15,265.15,92.0,0.0,1.0,18,18,2
380,Nizhnevartovsk,RU,1553628600.0,60.93,76.58,275.15,275.15,69.0,40.0,7.0,36,36,16
381,Crestview,US,1553631640.0,30.76,-86.57,291.35,295.37,52.0,90.0,6.2,65,72,14
382,Leningradskiy,RU,1553631743.0,69.38,178.42,271.338,271.338,91.0,76.0,10.76,29,29,24
383,Tongling,CN,1553631825.0,30.93,117.81,284.788,284.788,86.0,20.0,2.66,53,53,6
384,Verkhnevilyuysk,RU,1553631825.0,63.45,120.31,254.388,254.388,69.0,0.0,2.96,-2,-2,7
385,Kadyy,RU,1553631825.0,57.79,43.19,273.438,273.438,96.0,88.0,3.56,33,33,8
386,Matagami,NG,1553631826.0,9.67,8.4,294.988,294.988,36.0,12.0,2.41,71,71,5
387,Ciudad Bolivar,VE,1553631826.0,8.12,-63.55,309.788,309.788,27.0,0.0,4.86,98,98,11
388,Isangel,VU,1553631720.0,-19.55,169.27,299.238,299.238,100.0,76.0,8.96,79,79,20
391,Novichikha,RU,1553631826.0,52.2,81.39,261.588,261.588,57.0,20.0,1.26,11,11,3
392,Bonnyville,CA,1553629440.0,54.27,-110.74,275.15,275.15,93.0,90.0,1.96,36,36,4
393,Marzuq,YE,1553631827.0,14.4,46.47,284.738,284.738,89.0,0.0,1.11,53,53,2
396,Oriximina,BR,1553631827.0,-1.77,-55.87,302.888,302.888,70.0,100.0,2.06,86,86,5
397,Trat,TH,1553631303.0,12.25,102.51,303.15,303.15,63.0,24.0,1.76,86,86,4
398,Mansa,IN,1553628600.0,23.43,72.66,299.15,299.15,31.0,0.0,1.21,79,79,3
399,Cidreira,BR,1553631671.0,-30.17,-50.22,294.238,294.238,75.0,92.0,4.26,70,70,10
402,Omsukchan,RU,1553631828.0,62.53,155.8,254.338,254.338,62.0,56.0,6.16,-2,-2,14
403,Le Port,FR,1553631612.0,42.87,1.37,279.1,280.37,25.0,0.0,1.79,43,45,4
404,Korhogo,CI,1553631828.0,9.46,-5.63,299.788,299.788,74.0,48.0,1.96,80,80,4
405,Sembakung,ID,1553631727.0,3.82,117.25,296.988,296.988,98.0,20.0,0.96,75,75,2
406,Quatre Cocos,MU,1553631546.0,-20.21,57.76,299.03,300.15,83.0,40.0,0.5,79,81,1
408,Peru,US,1553631696.0,41.33,-89.13,282.07,283.15,22.0,1.0,3.1,48,50,7
409,Rangpur,BD,1553631828.0,25.76,89.24,289.138,289.138,93.0,0.0,1.16,61,61,3
410,Asyut,EG,1553626800.0,27.18,31.19,291.15,291.15,36.0,0.0,3.6,64,64,8
411,Karla,EE,1553631725.0,59.37,24.93,272.51,274.15,50.0,0.0,2.6,31,34,6
412,Gilgit,PK,1553631829.0,35.92,74.31,266.338,266.338,95.0,12.0,0.16,20,20,0
413,Mombetsu,JP,1553631665.0,44.35,143.35,273.15,273.15,76.0,0.0,4.47,32,32,10
414,Ko Samui,TH,1553631829.0,9.54,99.94,302.438,302.438,100.0,88.0,6.71,85,85,15
416,Vila,IT,1553631826.0,45.18,8.4,282.24,285.37,34.0,0.0,2.1,48,54,5
417,Vestmannaeyjar,IS,1553631714.0,63.44,-20.27,277.838,277.838,85.0,92.0,5.56,40,40,12
418,La Orilla,MX,1553631830.0,18.0,-102.23,302.238,302.238,58.0,0.0,3.11,84,84,7
419,Aklavik,CA,1553626800.0,68.22,-135.01,273.26,275.15,69.0,20.0,3.1,32,36,7
421,Iqaluit,CA,1553626800.0,63.75,-68.52,257.15,257.15,65.0,75.0,6.7,3,3,15
422,Khani,GE,1553628600.0,41.96,42.96,278.15,278.15,86.0,40.0,1.0,41,41,2
423,Son La,VN,1553631807.0,21.32,103.9,290.688,290.688,95.0,48.0,0.71,64,64,2
424,Laurel,US,1553631601.0,45.67,-108.77,290.76,293.71,25.0,75.0,7.7,64,69,17
425,Adrar,DZ,1553626800.0,27.87,-0.29,296.15,296.15,56.0,75.0,5.1,73,73,11
426,Tuatapere,NZ,1553631605.0,-46.13,167.69,285.37,285.37,91.0,56.0,5.36,54,54,12
427,Buala,SB,1553631831.0,-8.15,159.59,301.038,301.038,93.0,76.0,2.36,82,82,5
428,Uvalde,US,1553631826.0,29.21,-99.79,298.93,300.15,47.0,1.0,6.2,78,81,14
429,Hede,SE,1553631604.0,60.45,15.49,272.45,273.71,62.0,68.0,2.1,31,33,5
430,Mareeba,AU,1553631794.0,-16.99,145.42,296.73,298.15,94.0,90.0,2.6,74,77,6
431,Whitehorse,CA,1553631356.0,60.72,-135.06,277.8,278.15,60.0,75.0,3.6,40,41,8
432,Bahile,PH,1553631832.0,10.0,118.79,299.838,299.838,100.0,48.0,6.81,80,80,15
433,Vrangel,RU,1553631832.0,42.73,133.08,273.588,273.588,100.0,12.0,5.91,33,33,13
434,Bella Union,CO,1553631832.0,8.5,-73.35,302.738,302.738,43.0,48.0,0.71,85,85,2
436,Kushima,JP,1553631832.0,31.5,131.29,279.888,279.888,100.0,0.0,2.06,44,44,5
437,Phonhong,LA,1553631833.0,18.5,102.42,296.638,296.638,92.0,44.0,1.66,74,74,4
438,Fort Nelson,CA,1553626800.0,58.81,-122.69,278.15,278.15,56.0,75.0,1.0,41,41,2
439,Qeshm,IR,1553630400.0,26.96,56.27,295.66,296.15,88.0,75.0,2.1,73,73,5
440,Cabedelo,BR,1553630400.0,-6.97,-34.84,297.15,297.15,94.0,75.0,3.1,75,75,7
441,Mackay,CA,1553627520.0,53.65,-115.58,275.6,276.15,100.0,90.0,2.6,36,37,6
442,Hit,IQ,1553631833.0,33.64,42.83,281.088,281.088,83.0,48.0,1.41,46,46,3
443,Nizhniy Kuranakh,RU,1553631833.0,58.84,125.49,259.388,259.388,72.0,76.0,1.81,7,7,4
444,Hami,CN,1553631697.0,42.84,93.51,279.388,279.388,68.0,80.0,0.41,43,43,1
446,Grande Prairie,CA,1553626800.0,55.17,-118.79,277.15,277.15,86.0,75.0,2.1,39,39,5
447,Basoko,CD,1553631834.0,1.23,23.61,297.738,297.738,89.0,24.0,0.76,76,76,2
448,Anjad,IN,1553631834.0,22.04,75.06,291.638,291.638,46.0,0.0,1.61,65,65,4
449,Palotina,BR,1553631594.0,-24.28,-53.84,300.738,300.738,69.0,12.0,3.21,82,82,7
450,Yulara,AU,1553626800.0,-25.24,130.99,289.15,289.15,44.0,0.0,3.1,61,61,7
451,Munchberg,DE,1553631725.0,50.2,11.78,276.63,279.26,65.0,90.0,4.1,38,43,9
452,Slave Lake,CA,1553629560.0,55.28,-114.77,273.15,273.15,65.0,20.0,2.1,32,32,5
453,Kaka,TM,1553631835.0,37.35,59.62,279.788,279.788,97.0,92.0,1.06,44,44,2
454,Mahebourg,MU,1553631546.0,-20.41,57.7,298.93,300.15,83.0,40.0,0.5,78,81,1
455,Inuvik,CA,1553626800.0,68.36,-133.71,273.92,275.15,100.0,20.0,2.66,33,36,6
456,Majholi,IN,1553631835.0,23.5,79.93,289.738,289.738,48.0,0.0,2.46,62,62,6
457,Kiunga,PG,1553631835.0,-6.12,141.3,296.588,296.588,95.0,48.0,0.96,74,74,2
458,Ortakoy,TR,1553629800.0,38.74,34.04,277.15,277.15,48.0,0.0,0.96,39,39,2
459,Richards Bay,ZA,1553631835.0,-28.77,32.06,293.438,293.438,90.0,92.0,2.56,69,69,6
460,Kupino,RU,1553631836.0,54.36,77.31,272.638,272.638,87.0,80.0,6.36,31,31,14
461,College,US,1553631723.0,64.86,-147.8,277.57,279.26,86.0,90.0,3.1,40,43,7
462,Kysyl-Syr,RU,1553631791.0,63.9,122.77,252.938,252.938,65.0,0.0,3.01,-4,-4,7
463,Mogzon,RU,1553631836.0,51.74,111.97,256.988,256.988,50.0,0.0,2.06,3,3,5
464,Mirnyy,RU,1553631836.0,56.57,36.46,267.638,267.638,78.0,0.0,4.26,22,22,10
465,Biak,ID,1553631836.0,-0.91,122.88,299.738,299.738,94.0,88.0,1.26,80,80,3
466,Imeni Poliny Osipenko,RU,1553631836.0,52.42,136.49,257.638,257.638,78.0,56.0,1.31,4,4,3
467,Port Hardy,CA,1553628180.0,50.7,-127.42,282.15,282.15,81.0,90.0,3.6,48,48,8
468,Kokkola,FI,1553631822.0,63.84,23.13,266.28,268.15,92.0,0.0,2.1,20,23,5
469,Sai Buri,TH,1553631837.0,6.7,101.62,299.088,299.088,84.0,64.0,2.51,79,79,6
471,La Rinconada,PE,1553631837.0,-14.63,-69.45,280.688,280.688,91.0,88.0,1.76,46,46,4
472,Saint Paul,US,1553631831.0,44.95,-93.1,282.9,284.26,43.0,1.0,3.6,50,52,8
473,Kailua,US,1553631450.0,21.39,-157.74,297.38,299.15,73.0,40.0,4.1,76,79,9
474,Cabo San Lucas,MX,1553631389.0,22.89,-109.91,298.58,300.93,36.0,40.0,2.1,78,82,5
475,Villanueva de la Serena,ES,1553631574.0,38.97,-5.8,292.59,292.59,27.0,0.0,4.02,67,67,9
476,Saldanha,PT,1553631838.0,41.42,-6.55,285.938,285.938,29.0,0.0,7.71,55,55,17
478,Dingle,PH,1553631765.0,11.0,122.67,297.238,297.238,91.0,44.0,3.91,75,75,9
479,Lagoa,PT,1553631429.0,37.14,-8.45,289.99,291.15,59.0,40.0,5.7,62,64,13
480,Abu Samrah,SY,1553631838.0,35.3,37.18,282.088,282.088,72.0,32.0,4.36,48,48,10
481,Japura,ID,1553631838.0,-0.42,102.29,295.688,295.688,97.0,88.0,0.56,73,73,1
482,Manta,RO,1553631839.0,45.1,24.1,272.788,272.788,86.0,0.0,0.96,31,31,2
483,Edd,ER,1553631839.0,13.93,41.69,295.438,295.438,79.0,0.0,1.16,72,72,3
484,Namatanai,PG,1553631839.0,-3.66,152.44,300.688,300.688,100.0,56.0,5.21,82,82,12
485,Sakaiminato,JP,1553631496.0,35.55,133.23,275.64,277.15,86.0,20.0,3.1,36,39,7
486,North Bend,US,1553631617.0,43.41,-124.22,286.92,288.15,47.0,20.0,2.6,57,59,6
487,Kisangani,CD,1553631839.0,0.52,25.21,298.338,298.338,89.0,24.0,0.86,77,77,2
488,Batsfjord,NO,1553629800.0,70.63,29.72,268.64,270.15,79.0,75.0,6.2,24,27,14
489,Huambo,AO,1553631840.0,-12.78,15.73,289.538,289.538,88.0,12.0,1.06,61,61,2
490,Leeton,AU,1553626800.0,-34.55,146.4,281.91,284.15,87.0,0.0,1.26,48,52,3
492,Zhigansk,RU,1553631840.0,66.77,123.37,251.288,251.288,61.0,0.0,3.21,-7,-7,7
493,Smithers,CA,1553626800.0,54.78,-127.17,277.15,277.15,55.0,40.0,1.5,39,39,3
494,Arman,RU,1553631807.0,59.7,150.17,261.088,261.088,63.0,64.0,2.76,10,10,6
496,The Valley,AI,1553631385.0,18.22,-63.06,300.8,301.48,65.0,20.0,7.2,82,83,16
497,Shache,CN,1553631841.0,38.42,77.24,274.938,274.938,77.0,8.0,1.16,35,35,3
498,Kharp,RU,1553631841.0,66.82,65.8,272.488,272.488,92.0,88.0,6.96,31,31,16
499,Bonavista,CA,1553631356.0,48.65,-53.11,270.93,270.93,58.0,0.0,2.24,28,28,5
500,Krasnyy Luch,RU,1553628600.0,55.97,38.97,275.15,275.15,69.0,40.0,4.0,36,36,9
501,Brownfield,US,1553631458.0,33.18,-102.27,293.45,295.93,48.0,20.0,6.7,69,73,15
502,El Dorado,VE,1553631842.0,6.71,-61.64,307.688,307.688,34.0,8.0,1.86,94,94,4
503,Pansoy,PH,1553631842.0,13.18,122.6,299.838,299.838,100.0,0.0,7.96,80,80,18
505,Terney,RU,1553631750.0,45.05,136.61,272.088,272.088,87.0,0.0,8.26,30,30,18
506,Bilma,NE,1553631767.0,18.69,12.92,295.488,295.488,14.0,0.0,4.61,72,72,10
507,Tateyama,JP,1553631605.0,36.66,137.31,276.46,279.82,63.0,0.0,5.81,38,44,13
508,Naryan-Mar,RU,1553631748.0,67.67,53.09,270.738,270.738,90.0,80.0,7.01,28,28,16
509,Sibolga,ID,1553631842.0,1.74,98.78,294.038,294.038,100.0,80.0,0.61,70,70,1
510,Havre-Saint-Pierre,CA,1553626800.0,50.23,-63.6,263.15,263.15,56.0,75.0,11.3,14,14,25
511,Kutum,SD,1553631842.0,14.2,24.66,292.138,292.138,25.0,0.0,4.31,66,66,10
512,Brae,GB,1553629800.0,60.4,-1.35,281.72,282.15,87.0,92.0,5.1,47,48,11
513,Sibenik,HR,1553631843.0,45.81,17.18,277.138,277.138,61.0,0.0,2.16,39,39,5
514,Komsomolskiy,RU,1553631746.0,67.55,63.78,270.988,270.988,92.0,88.0,6.21,28,28,14
515,Lermontovka,RU,1553631843.0,47.15,134.34,268.738,268.738,61.0,88.0,3.76,24,24,8
516,Sao Miguel do Araguaia,BR,1553631809.0,-13.28,-50.16,296.938,296.938,94.0,88.0,2.61,75,75,6
517,Umm Lajj,SA,1553631843.0,25.02,37.27,288.438,288.438,100.0,0.0,2.61,60,60,6
518,Lakki Marwat,PK,1553631843.0,32.61,70.91,289.088,289.088,57.0,48.0,1.11,61,61,2
519,Saint Anthony,US,1553631639.0,43.97,-111.68,286.85,289.82,28.0,1.0,5.1,57,62,11
520,Lasa,CY,1553631329.0,34.92,32.53,284.13,286.15,76.0,20.0,4.1,52,55,9
521,Tolmachevo,RU,1553630751.0,55.36,38.22,274.16,275.15,74.0,40.0,6.0,34,36,13
522,Lianzhou,CN,1553631844.0,24.79,112.38,290.638,290.638,97.0,92.0,1.06,63,63,2
524,Nabire,ID,1553631844.0,-3.36,135.5,292.588,292.588,98.0,92.0,0.66,67,67,1
526,Chimbarongo,CL,1553630400.0,-34.71,-71.04,302.07,303.15,25.0,0.0,1.5,84,86,3
527,Dicabisagan,PH,1553631845.0,17.08,122.42,296.088,296.088,100.0,100.0,2.71,73,73,6
528,Lachi,PK,1553631845.0,33.38,71.34,285.688,285.688,64.0,24.0,1.51,55,55,3
529,Murgab,TM,1553626800.0,37.5,61.97,284.15,284.15,93.0,75.0,2.1,52,52,5
530,Lompoc,US,1553631710.0,34.64,-120.46,292.0,293.71,68.0,75.0,4.1,66,69,9
531,Goderich,CA,1553631821.0,43.74,-81.71,275.58,278.15,73.0,0.0,3.46,36,41,8
532,Eunice,US,1553631581.0,30.49,-92.42,294.46,296.15,42.0,1.0,7.2,70,73,16
533,Zarubino,RU,1553631846.0,42.65,131.06,270.888,270.888,100.0,56.0,1.96,28,28,4
534,Simao,CN,1553631846.0,22.76,100.79,287.438,287.438,81.0,0.0,1.01,58,58,2
536,Dalbandin,PK,1553631846.0,28.9,64.41,291.488,291.488,53.0,88.0,2.66,65,65,6
537,Trairi,BR,1553631846.0,-3.28,-39.27,301.688,301.688,100.0,24.0,3.21,83,83,7
538,Camacupa,AO,1553631847.0,-12.02,17.48,291.538,291.538,88.0,36.0,0.96,65,65,2
539,Cayenne,GF,1553628600.0,4.94,-52.33,303.15,303.15,58.0,0.0,5.7,86,86,13
540,Camacari,BR,1553630400.0,-12.7,-38.32,303.15,303.15,79.0,20.0,5.7,86,86,13
541,Bekhtery,UA,1553628600.0,46.25,32.3,280.15,280.15,87.0,75.0,3.0,45,45,7
543,Shwebo,MM,1553631765.0,22.57,95.7,293.088,293.088,88.0,24.0,2.76,68,68,6
544,Manga,BF,1553631847.0,11.67,-1.07,303.038,303.038,50.0,92.0,0.61,86,86,1
545,Dukat,RS,1553631722.0,42.44,22.31,277.59,277.59,60.0,32.0,0.45,40,40,1
546,San Cristobal,EC,1553630476.0,-0.39,-78.55,293.52,296.15,56.0,40.0,8.7,69,73,19
548,Acapulco,MX,1553629200.0,16.86,-99.88,303.15,303.15,74.0,5.0,2.6,86,86,6
549,Kalmunai,LK,1553631848.0,7.42,81.82,293.138,293.138,97.0,0.0,1.16,68,68,3
550,Tecoanapa,MX,1553629200.0,16.99,-99.26,303.15,303.15,74.0,5.0,2.6,86,86,6
551,Zambrano,CO,1553631849.0,9.74,-74.82,305.238,305.238,61.0,32.0,2.11,90,90,5
552,Ous,RU,1553631802.0,60.91,61.52,274.138,274.138,68.0,20.0,4.21,34,34,9
553,Tiznit,MA,1553631754.0,29.7,-9.73,288.488,288.488,98.0,100.0,2.06,60,60,5
556,Klamath Falls,US,1553631724.0,42.22,-121.78,281.81,283.71,56.0,75.0,6.7,48,51,15
557,Saint-Joseph,FR,1553631647.0,43.56,6.97,281.69,285.37,33.0,0.0,0.5,47,54,1
558,Crotone,IT,1553626200.0,39.09,17.12,285.15,285.15,81.0,0.0,5.1,54,54,11
559,Sisak,HR,1553631602.0,45.49,16.38,279.16,280.37,64.0,0.0,0.5,43,45,1
560,Antalaha,MG,1553631850.0,-14.9,50.28,299.788,299.788,93.0,8.0,1.86,80,80,4
561,Petropavlovsk-Kamchatskiy,RU,1553628600.0,53.05,158.65,269.15,269.15,53.0,0.0,7.0,25,25,16
562,Lebyazhye,RU,1553631849.0,59.96,29.42,270.92,272.15,86.0,75.0,5.0,28,30,11
563,Aykhal,RU,1553631850.0,65.95,111.51,257.238,257.238,52.0,68.0,1.96,3,3,4
564,Jumla,NP,1553631850.0,29.28,82.18,267.088,267.088,61.0,0.0,1.16,21,21,3
565,Beira,ES,1553631848.0,43.2,-8.36,285.31,289.26,58.0,0.0,2.6,54,61,6
566,Ipixuna,BR,1553631850.0,-1.76,-48.8,299.488,299.488,89.0,80.0,0.96,79,79,2
567,Obera,AR,1553631851.0,-27.49,-55.12,295.388,295.388,61.0,64.0,1.76,72,72,4
568,Feira de Santana,BR,1553631851.0,-12.26,-38.96,298.938,298.938,83.0,68.0,3.96,78,78,9
570,Ravar,IR,1553631851.0,31.27,56.81,292.588,292.588,38.0,36.0,5.21,67,67,12
572,Kavaratti,IN,1553631851.0,10.57,72.64,301.838,301.838,100.0,0.0,3.86,84,84,9
573,Bobcaygeon,CA,1553631606.0,44.54,-78.55,276.34,277.04,23.0,1.0,4.1,38,39,9
574,Bathsheba,BB,1553630400.0,13.22,-59.52,301.15,301.15,61.0,20.0,9.8,82,82,22
575,Tiarei,PF,1553630400.0,-17.53,-149.33,303.15,303.15,66.0,75.0,1.5,86,86,3
576,Shimoda,JP,1553631187.0,34.7,138.93,277.59,277.59,88.0,0.0,4.51,40,40,10
577,Biskamzha,RU,1553631852.0,53.45,89.53,258.688,258.688,66.0,0.0,0.91,6,6,2
578,Shenjiamen,CN,1553631852.0,29.96,122.3,286.088,286.088,89.0,92.0,7.01,55,55,16
579,Seoul,KR,1553631000.0,37.57,126.98,280.73,284.15,80.0,90.0,1.5,46,52,3
580,Bintulu,MY,1553626800.0,3.17,113.03,298.15,298.15,94.0,75.0,1.16,77,77,3
581,Xinzhi,TW,1553630400.0,22.54,120.62,294.52,296.15,83.0,40.0,1.5,70,73,3
582,Faya,SA,1553630400.0,18.39,42.45,289.18,290.15,72.0,0.0,3.6,61,63,8
583,Zlynka,RU,1553626800.0,52.43,31.74,274.15,274.15,69.0,0.0,2.0,34,34,4
584,Sibiti,CG,1553631853.0,-3.69,13.35,298.588,298.588,82.0,20.0,1.86,78,78,4
585,Priargunsk,RU,1553631853.0,50.37,119.09,255.788,255.788,48.0,0.0,2.71,1,1,6
587,Port Augusta,AU,1553631682.0,-32.49,137.76,287.78,289.15,77.0,0.0,3.6,58,61,8
588,Grand-Santi,GF,1553631854.0,4.27,-54.38,299.688,299.688,84.0,80.0,1.41,80,80,3
589,Te Anau,NZ,1553631854.0,-45.41,167.72,282.738,282.738,95.0,64.0,4.46,49,49,10
590,Yaqui,MX,1553629200.0,27.37,-110.17,302.15,302.15,30.0,75.0,3.1,84,84,7
591,Vernon,CA,1553631329.0,50.27,-119.27,283.33,284.26,53.0,20.0,1.5,50,52,3
592,Warrington,GB,1553631610.0,53.39,-2.59,281.13,282.59,70.0,75.0,3.6,46,49,8
593,Yaan,NG,1553631857.0,7.38,8.57,301.438,301.438,56.0,12.0,1.16,83,83,3
594,Nouadhibou,MR,1553626800.0,20.93,-17.03,293.15,293.15,77.0,20.0,5.7,68,68,13
595,Rorvik,NO,1553631602.0,64.86,11.24,274.35,275.15,100.0,75.0,4.1,34,36,9
596,Poum,MK,1553631739.0,41.28,20.71,275.988,275.988,65.0,56.0,0.71,37,37,2
597,Monywa,MM,1553631858.0,22.12,95.13,293.038,293.038,90.0,0.0,3.46,68,68,8
599,Nyurba,RU,1553631858.0,63.29,118.35,255.788,255.788,61.0,44.0,2.51,1,1,6
600,Osmena,PH,1553631858.0,12.17,124.59,297.338,297.338,100.0,80.0,3.11,76,76,7
601,Nha Trang,VN,1553628600.0,12.24,109.19,300.15,300.15,83.0,40.0,2.1,81,81,5
602,Bilibino,RU,1553631669.0,68.06,166.44,263.438,263.438,81.0,88.0,1.16,15,15,3
603,Birin,SY,1553631859.0,35.01,36.67,281.238,281.238,87.0,20.0,3.06,47,47,7
604,Camacha,PT,1553630400.0,33.08,-16.33,290.72,291.15,72.0,40.0,10.8,64,64,24
605,Avera,US,1553631732.0,33.19,-82.53,289.64,291.15,67.0,90.0,5.1,62,64,11
606,Thinadhoo,MV,1553631636.0,0.53,72.93,301.338,301.338,100.0,44.0,3.56,83,83,8
607,Saint-Francois,FR,1553631364.0,46.42,3.91,277.62,279.15,60.0,0.0,3.6,40,43,8
608,Nevelsk,RU,1553628600.0,46.67,141.86,269.15,269.15,100.0,75.0,14.0,25,25,31
609,Toucheng,TW,1553631700.0,24.86,121.82,291.67,292.59,88.0,75.0,0.5,65,67,1
610,Angoram,PG,1553631860.0,-4.06,144.07,297.538,297.538,96.0,24.0,0.61,76,76,1
611,Parker,US,1553631642.0,39.52,-104.76,293.1,296.48,9.0,75.0,2.1,68,74,5
